Title,Slug,Date,Category,Reading Time (min),Preview URL
"Accounting for a Small Business: Quick Guide to accounting for a small business","accounting-for-a-small-business",2026-01-11,Accounting,23,/blog/accounting-for-a-small-business
"Your Guide to Bookkeeping Services for Small Business","bookkeeping-services-for-small-business",2026-01-12,Bookkeeping,23,/blog/bookkeeping-services-for-small-business
"Choosing the Best Small Business Accounting Software Australia","small-business-accounting-software-australia",2026-01-13,Accounting Software,23,/blog/small-business-accounting-software-australia
"Finding the Right Accountant for Small Business Melbourne","accountant-for-small-business-melbourne",2026-01-15,Accounting,15,/blog/accountant-for-small-business-melbourne
"Grow with small business accounting melbourne: A Practical Guide for SMEs","small-business-accounting-melbourne",2026-01-16,Accounting,21,/blog/small-business-accounting-melbourne
"Unlocking Tax Savings With Small Business Concessions","small-business-concessions",2026-01-17,Small Business,20,/blog/small-business-concessions
"Super Guarantee Rate 2024: What super guarantee rate 2024 means for Businesses","super-guarantee-rate-2024",2026-01-22,Accounting,15,/blog/super-guarantee-rate-2024
"Top Tips for smsf accountant melbourne: Secure Your Fund's Compliance","smsf-accountant-melbourne",2026-01-23,Superannuation,22,/blog/smsf-accountant-melbourne
"Setting Up Self Managed Super Fund: A Guide (setting up self managed super fund)","setting-up-self-managed-super-fund",2026-01-24,Superannuation,21,/blog/setting-up-self-managed-super-fund
"What is a self managed super fund? A Practical Guide to SMSFs","what-is-a-self-managed-super-fund",2026-01-25,Superannuation,20,/blog/what-is-a-self-managed-super-fund
"Self Managed Super Fund Costs: self managed super fund costs explained","self-managed-super-fund-costs",2026-01-26,Superannuation,18,/blog/self-managed-super-fund-costs
"A Small Business Guide to Payroll Taxes in Australia","payroll-taxes-australia",2026-01-27,Payroll,19,/blog/payroll-taxes-australia
"A Trustee's Guide to Self Managed Super Fund Advice","self-managed-super-fund-advice",2026-01-27,Superannuation,23,/blog/self-managed-super-fund-advice
"Navigating Late Tax Return Penalties in Australia","late-tax-return-penalties",2026-01-28,Tax,20,/blog/late-tax-return-penalties
"Master the work from home rate: Your guide to bigger tax savings","work-from-home-rate",2026-01-29,Accounting,17,/blog/work-from-home-rate
"How to Use a Tax Refund Calculator Australia for Your Return","tax-refund-calculator-australia",2026-01-30,Tax,17,/blog/tax-refund-calculator-australia
"Master smsf accounting melbourne: A Complete SMSF Guide","smsf-accounting-melbourne",2026-01-31,Superannuation,22,/blog/smsf-accounting-melbourne
"A Small Business Guide to Payroll Tax Victoria","payroll-tax-victoria",2026-02-01,Payroll,22,/blog/payroll-tax-victoria
"How to Set Up a Family Trust in Australia","how-to-set-up-a-family-trust",2026-02-02,Business Structure,22,/blog/how-to-set-up-a-family-trust
"Mastering Bookkeeping for Business in Australia","bookkeeping-for-business",2026-02-03,Bookkeeping,23,/blog/bookkeeping-for-business
"Mastering SMSF Investment Strategies for Australian Trustees","smsf-investment-strategies",2026-02-04,Superannuation,23,/blog/smsf-investment-strategies
"What Is a Profit and Loss Statement? Your Guide to Business Health","what-is-a-profit-and-loss-statement",2026-02-05,Accounting,17,/blog/what-is-a-profit-and-loss-statement
"What is cloud accounting? A Beginner's Guide to Cloud Bookkeeping","what-is-cloud-accounting",2026-02-06,Bookkeeping,23,/blog/what-is-cloud-accounting
"How to calculate payroll taxes: A Practical Guide","how-to-calculate-payroll-taxes",2026-02-09,Payroll,22,/blog/how-to-calculate-payroll-taxes
"The Difference Between Bookkeeping and Accounting Explained","difference-between-bookkeeping-and-accounting",2026-02-10,Bookkeeping,16,/blog/difference-between-bookkeeping-and-accounting
"How to use xero software: A Practical Guide for Australian Businesses","how-to-use-xero-software",2026-02-11,Accounting Software,18,/blog/how-to-use-xero-software
"Logbook Method ATO: Master the logbook method ato for maximum tax deductions","logbook-method-ato",2026-02-12,Tax,21,/blog/logbook-method-ato
"A Guide to Australia's Non Commercial Losses Rules","non-commercial-losses-rules",2026-02-13,Accounting,22,/blog/non-commercial-losses-rules
"A Clear Guide to Reportable Superannuation Contributions","reportable-superannuation-contributions",2026-02-14,Superannuation,20,/blog/reportable-superannuation-contributions
"What Is Discretionary Trust: what is discretionary trust explained for Australia","what-is-discretionary-trust",2026-02-15,Business Structure,22,/blog/what-is-discretionary-trust
"What Are SMSF and How Do They Work?","what-are-smsf",2026-02-16,Superannuation,13,/blog/what-are-smsf
"A Guide to Small Business Tax Deductions in Australia","small-business-tax-deductions",2026-02-17,Tax,21,/blog/small-business-tax-deductions
"What Is Accrual Accounting: A Guide for Small Business","what-is-accrual-accounting",2026-02-18,Accounting,15,/blog/what-is-accrual-accounting
"Accountant Fees for Small Business: What to Expect and How to Save","accountant-fees-for-small-business",2026-02-19,Accounting,22,/blog/accountant-fees-for-small-business
"The Ultimate Log Book for Tax Guide for Australian Businesses","log-book-for-tax",2026-02-20,Tax,14,/blog/log-book-for-tax
"A Guide to Reportable Super Contributions in Australia","reportable-super-contributions",2026-02-21,Accounting,21,/blog/reportable-super-contributions
"How Much Can You Salary Sacrifice to Super? A Practical Retirement Guide","how-much-can-you-salary-sacrifice-to-super",2026-02-22,Tax,15,/blog/how-much-can-you-salary-sacrifice-to-super
"A Guide to Tax Deductions for Small Business in Australia","tax-deductions-for-small-business",2026-02-23,Tax,25,/blog/tax-deductions-for-small-business
"What Is a Chart of Accounts a Simple Guide for Your Business","what-is-a-chart-of-accounts",2026-02-24,Accounting Software,18,/blog/what-is-a-chart-of-accounts
"What is a Chart of Accounts: Essential Guide for Australian SMEs","what-is-a-chart-of-accounts-2",2026-02-24,Accounting Software,19,/blog/what-is-a-chart-of-accounts-2
"A Guide to Small Business Tax Claims in 2026","small-business-tax-claims",2026-02-25,Tax,20,/blog/small-business-tax-claims
"How does a family trust work: A 2026 Guide to Setup, Tax, and Asset Protection","how-does-a-family-trust-work",2026-02-26,Business Structure,19,/blog/how-does-a-family-trust-work
"Your Guide to Australia's FBT Due Date for 2026","fbt-due-date",2026-02-27,Tax,13,/blog/fbt-due-date
"A Guide to SMSF Setting Up in Australia","smsf-setting-up",2026-02-28,Superannuation,22,/blog/smsf-setting-up
